blockchain,,區塊鏈要點,20220505blockchainbrief,doc,ICT,cchuang,2022/5/28,all,true,test data
strategy,,如何設定企業願景與目標,20220528object01,ppt,object,cchuang,2022/5/27,all,true,test data
strategy,,組織管理概要,20220528organization01,ppt,organization,cchuang,2022/5/27,all,true,test data
strategy,,策略管理概要,20220528strategy01,ppt,strategy,cchuang,2022/5/27,all,true,test data
CSR,,形象管理概要,20220528reputation01,ppt,reputation,cchuang,2022/5/27,all,true,test data
IPR,,知識管理概要,20220528knowelge01,ppt,knowelge,cchuang,2022/5/27,all,true,test data
IPR,,研發管理概要,20220528research01,ppt,research,cchuang,2022/5/27,all,true,test data
IPR,,智財管理概要,20220528IPR01,ppt,IPR,cchuang,2022/5/27,all,true,test data
IPR,,創新管理概要,20220528innovation01,ppt,innovation,cchuang,2022/5/27,all,true,test data
othermagage,,營運管理概要,20220528execute01,ppt,execute,cchuang,2022/5/27,all,true,test data
othermagage,,行銷管理概要,20220528marketing01,ppt,marketing,cchuang,2022/5/27,all,true,test data
othermagage,,續效管理概要,20220528performance01,ppt,performance,cchuang,2022/5/27,all,true,test data
fianacial,,成本管理概要,20220528cost01,ppt,cost,cchuang,2022/5/27,all,true,test data
auto,,生產管理概要,20220528production01,ppt,production,cchuang,2022/5/27,all,true,test data
othermagage,,專案管理概要,20220528PM01,ppt,PM,cchuang,2022/5/27,all,true,test data
othermagage,,品質管理概要,20220528QC01,ppt,QC,cchuang,2022/5/27,all,true,test data
othermagage,,庫存管理概要,20220528inventory01,ppt,inventory,cchuang,2022/5/27,all,true,test data
fianacial,,財務管理概要,20220528fianacial01,ppt,fianacial,cchuang,2022/5/27,all,true,test data
othermagage,,人資管理概要,20220528HR01,ppt,HR,cchuang,2022/5/27,all,true,test data
otherICT,,資訊管理概要,20220528ICT01,ppt,ICT,cchuang,2022/5/27,all,true,test data
othermagage,,財產管理概要,20220528estate01,ppt,estate,cchuang,2022/5/27,all,true,test data
strategy,,目標管理的方法,20220528object02,ppt,object,cchuang,2022/5/27,all,true,test data
strategy,,組織管理的方法,20220528organization02,ppt,organization,cchuang,2022/5/27,all,true,test data
strategy,,策略管理的方法,20220528strategy02,ppt,strategy,cchuang,2022/5/27,all,true,test data
CSR,,形象管理的方法,20220528reputation02,ppt,reputation,cchuang,2022/5/27,all,true,test data
IPR,,知識管理的方法,20220528knowelge02,ppt,knowelge,cchuang,2022/5/27,all,true,test data
IPR,,研發管理的方法,20220528research02,ppt,research,cchuang,2022/5/27,all,true,test data
IPR,,智財管理的方法,20220528IPR02,ppt,IPR,cchuang,2022/5/27,all,true,test data
IPR,,創新管理的方法,20220528innovation02,ppt,innovation,cchuang,2022/5/27,all,true,test data
othermagage,,營運管理的方法,20220528execute02,ppt,execute,cchuang,2022/5/27,all,true,test data
othermagage,,行銷管理的方法,20220528marketing02,ppt,marketing,cchuang,2022/5/27,all,true,test data
othermagage,,續效管理的方法,20220528performance02,ppt,performance,cchuang,2022/5/27,all,true,test data
fianacial,,成本管理的方法,20220528cost02,ppt,cost,cchuang,2022/5/27,all,true,test data
auto,,生產管理的方法,20220528production02,ppt,production,cchuang,2022/5/27,all,true,test data
othermagage,,專案管理的方法,20220528PM02,ppt,PM,cchuang,2022/5/27,all,true,test data
othermagage,,品質管理的方法,20220528QC02,ppt,QC,cchuang,2022/5/27,all,true,test data
othermagage,,庫存管理的方法,20220528inventory02,ppt,inventory,cchuang,2022/5/27,all,true,test data
fianacial,,財務管理的方法,20220528fianacial02,ppt,fianacial,cchuang,2022/5/27,all,true,test data
othermagage,,人資管理的方法,20220528HR02,ppt,HR,cchuang,2022/5/27,all,true,test data
otherICT,,資訊管理的方法,20220528ICT02,ppt,ICT,cchuang,2022/5/27,all,true,test data
othermagage,,財產管理的方法,20220528estate02,ppt,estate,cchuang,2022/5/27,all,true,test data